{"cameraMode":{"drawMode":0,"name":"Shaded","section":"Shading Mode"},"sceneLighting":false,"audioPlay":false,"sceneViewState":{"m_AlwaysRefresh":false,"showFog":true,"showSkybox":false,"showFlares":true,"showImageEffects":true,"showParticleSystems":true,"showVisualEffectGraphs":true,"m_FxEnabled":true},"in2DMode":false,"pivot":{"x":7.124568462371826,"y":3.4795913696289064,"z":6.831039905548096},"rotation":{"x":-0.0018670664867386222,"y":0.97665935754776,"z":-0.21461868286132813,"w":-0.008496223017573357},"size":1.0428719520568848,"orthographic":false}